{"cameraMode":{"drawMode":0,"name":"Shaded","section":"Shading Mode"},"sceneLighting":true,"audioPlay":false,"sceneViewState":{"showFog":true,"showMaterialUpdate":false,"showSkybox":true,"showFlares":true,"showImageEffects":true,"showParticleSystems":true},"in2DMode":false,"pivot":{"x":1524.3814697265625,"y":821.5828857421875,"z":-445.05548095703127},"rotation":{"x":-0.00029587247991003096,"y":-0.9975099563598633,"z":0.0704411119222641,"w":-0.004193307366222143},"size":2181.70703125,"orthographic":false}