{"cameraMode":{"drawMode":0,"name":"Shaded","section":"Shading Mode"},"sceneLighting":false,"audioPlay":false,"sceneViewState":{"showFog":true,"showMaterialUpdate":false,"showSkybox":false,"showFlares":true,"showImageEffects":true,"showParticleSystems":true},"in2DMode":false,"pivot":{"x":-33.3956184387207,"y":-15.881199836730957,"z":-29.022422790527345},"rotation":{"x":-0.0753207877278328,"y":0.8886131048202515,"z":-0.15785685181617738,"w":-0.4239996373653412},"size":58.302955627441409,"orthographic":false}